column,n_missing,pct_missing,status
match_id,0,0.0,complete
date,0,0.0,complete
kickoff_time,0,0.0,complete
season,0,0.0,complete
season_start_year,0,0.0,complete
competition,0,0.0,complete
competition_type,0,0.0,complete
stage,0,0.0,complete
ucl_format,0,0.0,complete
stage_type,0,0.0,complete
knockout_match,0,0.0,complete
two_legged_tie,0,0.0,complete
leg,97,77.6,partial
tie_id,97,77.6,partial
home_team,0,0.0,complete
away_team,0,0.0,complete
home_team_id,0,0.0,complete
away_team_id,0,0.0,complete
home_goals,0,0.0,complete
away_goals,0,0.0,complete
home_goals_ht,0,0.0,complete
away_goals_ht,0,0.0,complete
result,0,0.0,complete
home_points,0,0.0,complete
away_points,0,0.0,complete
extra_time,0,0.0,complete
home_goals_aet,124,99.2,partial
away_goals_aet,124,99.2,partial
home_shootout,125,100.0,unavailable
away_shootout,125,100.0,unavailable
stadium,114,91.2,partial
city,114,91.2,partial
country,0,0.0,complete
neutral_venue,0,0.0,complete
venue_note,114,91.2,partial
attendance,125,100.0,unavailable
stadium_capacity,125,100.0,unavailable
attendance_pct,125,100.0,unavailable
home_shots,125,100.0,unavailable
away_shots,125,100.0,unavailable
home_shots_on_target,125,100.0,unavailable
away_shots_on_target,125,100.0,unavailable
home_corners,125,100.0,unavailable
away_corners,125,100.0,unavailable
home_fouls,125,100.0,unavailable
away_fouls,125,100.0,unavailable
home_yellow_cards,125,100.0,unavailable
away_yellow_cards,125,100.0,unavailable
home_red_cards,125,100.0,unavailable
away_red_cards,125,100.0,unavailable
home_penalties,125,100.0,unavailable
away_penalties,125,100.0,unavailable
home_possession,125,100.0,unavailable
away_possession,125,100.0,unavailable
referee,125,100.0,unavailable
source,0,0.0,complete
