team_id,team,competition,home_matches,away_matches,seasons,home_ppm,away_ppm,raw_ppm_gap,home_excess,away_excess,adj_gap,adj_gap_lo,adj_gap_hi
mallorca,Mallorca,LALIGA,105,105,6,1.5524,0.6952,0.8571,0.1871,-0.1154,0.3024,0.1976,0.4073
atletico-madrid,Atlético Madrid,LALIGA,163,161,9,2.3436,1.559,0.7846,0.0863,-0.1643,0.2506,0.1716,0.3297
athletic-club,Athletic Club,LALIGA,162,162,9,1.8272,1.1049,0.7222,0.097,-0.1454,0.2424,0.1585,0.3262
alaves,Alavés,LALIGA,143,144,8,1.4895,0.9028,0.5867,0.1448,-0.0658,0.2105,0.1168,0.3042
arsenal,Arsenal,EPL,167,165,9,2.2874,1.6182,0.6692,0.0843,-0.1254,0.2097,0.1301,0.2892
aston-villa,Aston Villa,EPL,108,110,6,1.8148,1.2182,0.5966,0.1243,-0.0818,0.206,0.0957,0.3163
valencia,Valencia,LALIGA,162,162,9,1.6667,1.0802,0.5864,0.1083,-0.0975,0.2057,0.1194,0.292
newcastle-united,Newcastle United,EPL,147,148,8,1.7211,1.1216,0.5995,0.1135,-0.0876,0.201,0.1093,0.2927
everton,Everton,EPL,166,167,9,1.5723,0.9581,0.6142,0.1062,-0.0904,0.1966,0.1082,0.2849
osasuna,Osasuna,LALIGA,124,124,7,1.4355,0.8548,0.5806,0.1124,-0.0741,0.1864,0.0916,0.2813
espanyol,Espanyol,LALIGA,143,143,8,1.4476,0.9231,0.5245,0.1121,-0.0725,0.1846,0.093,0.2762
sevilla,Sevilla,LALIGA,162,163,9,1.7099,1.1595,0.5504,0.0741,-0.11,0.184,0.0993,0.2688
liverpool,Liverpool,EPL,167,166,9,2.4251,1.8675,0.5577,0.0763,-0.1075,0.1838,0.1105,0.2571
celta-vigo,Celta Vigo,LALIGA,161,163,9,1.4845,0.9448,0.5397,0.0784,-0.1023,0.1806,0.0923,0.269
manchester-united,Manchester United,EPL,167,166,9,1.9641,1.4398,0.5243,0.087,-0.0918,0.1788,0.0907,0.2669
real-betis,Real Betis,LALIGA,162,162,9,1.6975,1.216,0.4815,0.1,-0.0701,0.1702,0.0831,0.2572
rayo-vallecano,Rayo Vallecano,LALIGA,111,110,6,1.3514,0.9091,0.4423,0.106,-0.0632,0.1692,0.0633,0.275
fulham,Fulham,EPL,95,95,5,1.4737,0.9579,0.5158,0.135,-0.0327,0.1677,0.0533,0.2822
leicester-city,Leicester City,EPL,129,128,7,1.4419,0.9453,0.4965,0.0195,-0.1404,0.1599,0.0631,0.2567
brentford,Brentford,EPL,95,95,5,1.5368,1.1263,0.4105,0.1243,-0.0272,0.1515,0.0336,0.2694
bournemouth,Bournemouth,EPL,147,148,8,1.4354,1.0203,0.4151,0.1078,-0.0415,0.1494,0.0575,0.2412
brighton-hove-albion,Brighton & Hove Albion,EPL,147,148,8,1.5034,1.0743,0.4291,0.1042,-0.0438,0.1481,0.0548,0.2413
villarreal,Villarreal,LALIGA,163,162,9,1.8098,1.3889,0.4209,0.0524,-0.0922,0.1446,0.0514,0.2377
real-sociedad,Real Sociedad,LALIGA,161,162,9,1.677,1.2654,0.4116,0.0482,-0.0964,0.1446,0.0552,0.2339
west-ham-united,West Ham United,EPL,166,167,9,1.3795,1.0,0.3795,0.0533,-0.0901,0.1434,0.0558,0.2309
getafe,Getafe,LALIGA,144,142,8,1.5417,1.0915,0.4501,0.1096,-0.0332,0.1428,0.0522,0.2335
tottenham-hotspur,Tottenham Hotspur,EPL,166,167,9,1.8795,1.4311,0.4484,0.0166,-0.1164,0.133,0.046,0.22
barcelona,Barcelona,LALIGA,162,163,9,2.5247,2.0552,0.4695,0.0426,-0.0894,0.1321,0.054,0.2101
real-madrid,Real Madrid,LALIGA,162,162,9,2.3889,1.963,0.4259,0.0065,-0.1235,0.13,0.0525,0.2075
watford,Watford,EPL,90,91,5,1.1889,0.8132,0.3757,0.0514,-0.0748,0.1262,0.0081,0.2443
manchester-city,Manchester City,EPL,165,167,9,2.4606,2.0898,0.3708,0.0392,-0.0833,0.1224,0.0489,0.196
burnley,Burnley,EPL,129,128,7,1.155,0.8203,0.3347,0.0656,-0.0519,0.1175,0.0259,0.2091
wolverhampton-wanderers,Wolverhampton Wanderers,EPL,129,128,7,1.3333,1.0,0.3333,0.0866,-0.0156,0.1022,-0.0007,0.2052
girona,Girona,LALIGA,114,114,6,1.4912,1.1404,0.3509,0.0854,-0.0141,0.0995,-0.01,0.2091
chelsea,Chelsea,EPL,167,166,9,1.8982,1.6145,0.2837,0.0118,-0.0865,0.0984,0.0124,0.1843
crystal-palace,Crystal Palace,EPL,167,166,9,1.3114,1.1687,0.1427,0.037,-0.0114,0.0484,-0.0382,0.135
southampton,Southampton,EPL,129,128,7,0.9457,0.8594,0.0864,-0.0202,-0.0524,0.0322,-0.0624,0.1268
