competition,crowd_status,metric,matches,home_pm,away_pm,diff_pm,diff_lo,diff_hi
ALL,normal,corners,6569,5.576,4.396,1.1801,1.0705,1.2897
ALL,restricted,corners,102,5.1373,4.6176,0.5196,-0.3041,1.3433
ALL,behind_closed_doors,corners,909,4.8988,4.4829,0.4158,0.1296,0.7021
ALL,normal,shots,6568,13.8144,11.0297,2.7843,2.5818,2.9867
ALL,restricted,shots,102,12.6961,10.7647,1.9314,0.4423,3.4205
ALL,behind_closed_doors,shots,909,11.9109,10.6678,1.2431,0.7224,1.7638
ALL,normal,shots_on_target,6568,4.7916,3.8444,0.9475,0.8583,1.0367
ALL,restricted,shots_on_target,102,4.4902,3.5392,0.951,0.2615,1.6404
ALL,behind_closed_doors,shots_on_target,909,4.1837,3.7602,0.4235,0.1957,0.6514
EPL,normal,corners,3328,5.6899,4.686,1.0039,0.8412,1.1666
EPL,restricted,corners,34,6.2353,5.0588,1.1765,-0.2069,2.5598
EPL,behind_closed_doors,corners,438,5.4269,4.6712,0.7557,0.3208,1.1906
EPL,normal,shots,3327,14.0415,11.4983,2.5422,2.232,2.8525
EPL,restricted,shots,34,14.0588,11.0588,3.0,0.4602,5.5398
EPL,behind_closed_doors,shots,438,12.5274,11.3836,1.1438,0.3121,1.9756
EPL,normal,shots_on_target,3327,4.8119,4.0225,0.7899,0.6573,0.9225
EPL,restricted,shots_on_target,34,5.1471,3.7647,1.3824,0.2568,2.5079
EPL,behind_closed_doors,shots_on_target,438,4.4064,4.0388,0.3676,0.0027,0.7325
LALIGA,normal,corners,3241,5.4591,4.0981,1.361,1.215,1.507
LALIGA,restricted,corners,68,4.5882,4.3971,0.1912,-0.8307,1.2131
LALIGA,behind_closed_doors,corners,471,4.4076,4.3079,0.0998,-0.2747,0.4743
LALIGA,normal,shots,3241,13.5813,10.5486,3.0327,2.7742,3.2912
LALIGA,restricted,shots,68,12.0147,10.6176,1.3971,-0.4404,3.2345
LALIGA,behind_closed_doors,shots,471,11.3376,10.0021,1.3355,0.6931,1.9778
LALIGA,normal,shots_on_target,3241,4.7707,3.6615,1.1092,0.9905,1.2279
LALIGA,restricted,shots_on_target,68,4.1618,3.4265,0.7353,-0.1335,1.6041
LALIGA,behind_closed_doors,shots_on_target,471,3.9766,3.5011,0.4756,0.1956,0.7556
