crowd_status,matches,home_win_pct,home_win_pct_lo,home_win_pct_hi,draw_pct,draw_pct_lo,draw_pct_hi,away_win_pct,away_win_pct_lo,away_win_pct_hi,home_goals_pm,away_goals_pm,home_points_pm,away_points_pm,goal_diff_pm,goal_diff_pm_lo,goal_diff_pm_hi,points_share,home_excess,home_excess_lo,home_excess_hi,mean_strength_difference,competition
normal,7717.0,46.1708,45.0607,47.2847,23.8823,22.9442,24.8465,29.9469,28.9351,30.9786,1.5817,1.2268,1.6239,1.1372,0.3549,0.3134,0.3964,0.5881,0.0809,0.0721,0.0896,0.1885,ALL
restricted,142.0,38.7324,31.1176,46.9408,25.3521,18.9112,33.0914,35.9155,28.4915,44.0815,1.4577,1.2042,1.4155,1.331,0.2535,-0.0464,0.5535,0.5154,0.0051,-0.0573,0.0675,7.5577,ALL
behind_closed_doors,992.0,41.2298,38.2062,44.3212,25.2016,22.599,27.9955,33.5685,30.6983,36.5656,1.3972,1.2228,1.4889,1.2591,0.1744,0.0617,0.2871,0.5418,0.0327,0.0079,0.0575,4.7963,ALL
normal,3328.0,45.3425,43.6575,47.0383,23.4375,22.0294,24.9068,31.22,29.668,32.8152,1.5787,1.2755,1.5947,1.171,0.3032,0.2387,0.3677,0.5766,0.0707,0.0573,0.0841,0.1216,EPL
restricted,34.0,52.9412,36.7367,68.5485,11.7647,4.6714,26.6208,35.2941,21.4879,52.086,1.5882,1.1765,1.7059,1.1765,0.4118,-0.2298,1.0534,0.5918,0.0777,-0.069,0.2244,8.75,EPL
behind_closed_doors,438.0,38.5845,34.1436,43.2238,22.6027,18.9337,26.7481,38.8128,34.3651,43.455,1.3744,1.3196,1.3836,1.3904,0.0548,-0.1271,0.2367,0.4988,0.0014,-0.0377,0.0404,-1.1703,EPL
normal,3241.0,46.3437,44.6323,48.0638,25.7328,24.2571,27.266,27.9235,26.4058,29.4934,1.51,1.1358,1.6476,1.095,0.3743,0.3163,0.4323,0.6007,0.0926,0.0792,0.1061,-0.6793,LALIGA
restricted,68.0,35.2941,25.002,47.1589,33.8235,23.7143,45.6628,30.8824,21.1724,42.6368,1.3382,1.0441,1.3971,1.2647,0.2941,-0.0868,0.6751,0.5249,0.0173,-0.0641,0.0986,2.2912,LALIGA
behind_closed_doors,471.0,40.9766,36.6257,45.4736,28.8747,24.966,33.1253,30.1486,26.1785,34.4399,1.3312,1.1274,1.518,1.1932,0.2038,0.055,0.3527,0.5599,0.0529,0.0183,0.0876,0.9287,LALIGA
normal,1148.0,48.0836,45.2046,50.9754,19.9477,17.7381,22.3579,31.9686,29.3349,34.7226,1.7927,1.3423,1.642,1.1585,0.4503,0.324,0.5767,0.5863,0.0772,0.0543,0.1001,2.8323,UCL
restricted,40.0,32.5,20.0845,47.9823,22.5,12.3161,37.5031,45.0,30.7053,60.1709,1.55,1.5,1.2,1.575,0.05,-0.6044,0.7044,0.4324,-0.0771,-0.1957,0.0414,15.4975,UCL
behind_closed_doors,83.0,56.6265,45.9059,66.7608,18.0723,11.2694,27.6999,25.3012,17.1852,35.6023,1.8916,1.253,1.8795,0.9398,0.6386,0.2263,1.0508,0.6667,0.0831,0.0027,0.1634,58.2301,UCL
