competition,season,matches,home_win_pct,home_win_pct_lo,home_win_pct_hi,draw_pct,draw_pct_lo,draw_pct_hi,away_win_pct,away_win_pct_lo,away_win_pct_hi,home_goals_pm,away_goals_pm,home_points_pm,away_points_pm,goal_diff_pm,goal_diff_pm_lo,goal_diff_pm_hi,points_share,home_excess,home_excess_lo,home_excess_hi,mean_strength_difference
EPL,2016/17,380.0,49.2105,44.2171,54.2198,22.1053,18.2239,26.545,28.6842,24.3678,33.4272,1.5974,1.2026,1.6974,1.0816,0.3947,0.203,0.5865,0.6108,0.1042,0.0655,0.143,-0.5287
EPL,2017/18,380.0,45.5263,40.589,50.5532,26.0526,21.8948,30.6898,28.4211,24.1197,33.1543,1.5316,1.1474,1.6263,1.1132,0.3842,0.1936,0.5748,0.5937,0.0864,0.048,0.1248,-0.2463
EPL,2018/19,380.0,47.6316,42.6589,52.6517,18.6842,15.0856,22.9096,33.6842,29.1165,38.5785,1.5684,1.2526,1.6158,1.1974,0.3158,0.1232,0.5083,0.5744,0.0702,0.0308,0.1097,-0.7126
EPL,2019/20,380.0,45.2632,40.3309,50.2903,24.2105,20.1756,28.7617,30.5263,26.1101,35.3323,1.5158,1.2053,1.6,1.1579,0.3105,0.1168,0.5043,0.5802,0.0761,0.0357,0.1165,-1.1858
EPL,2020/21,380.0,37.8947,33.1612,42.8706,21.8421,17.9809,26.2669,40.2632,35.4534,45.2678,1.3526,1.3421,1.3553,1.4263,0.0105,-0.1794,0.2004,0.4872,-0.0142,-0.0565,0.0281,2.2347
EPL,2021/22,380.0,42.8947,38.0141,47.9176,23.1579,19.1979,27.6552,33.9474,29.3681,38.8479,1.5132,1.3053,1.5184,1.25,0.2079,0.0057,0.4101,0.5485,0.0449,0.0055,0.0843,0.3516
EPL,2022/23,380.0,48.4211,43.4373,53.4364,22.8947,18.954,27.378,28.6842,24.3678,33.4272,1.6342,1.2184,1.6816,1.0895,0.4158,0.2243,0.6072,0.6068,0.0994,0.0588,0.14,-0.4584
EPL,2023/24,380.0,46.0526,41.1056,51.0787,21.5789,17.7382,25.9885,32.3684,27.8609,37.2289,1.8,1.4789,1.5974,1.1868,0.3211,0.1138,0.5283,0.5737,0.0683,0.0295,0.1071,0.2863
EPL,2024/25,380.0,40.7895,35.9644,45.7989,24.4737,20.4206,29.0377,34.7368,30.1239,39.6553,1.5132,1.4211,1.4684,1.2868,0.0921,-0.0955,0.2797,0.533,0.029,-0.0109,0.0689,0.8911
EPL,2025/26,380.0,42.6316,37.7574,47.6532,27.3684,23.1289,32.0609,30.0,25.6114,34.7889,1.5263,1.2237,1.5526,1.1737,0.3026,0.1398,0.4655,0.5695,0.0631,0.022,0.1042,-0.1326
LALIGA,2016/17,380.0,47.6316,42.6589,52.6517,23.4211,19.442,27.9321,28.9474,24.6162,33.6999,1.6632,1.2789,1.6632,1.1026,0.3842,0.191,0.5774,0.6013,0.0949,0.0574,0.1325,-1.6403
LALIGA,2017/18,380.0,47.1053,42.1406,52.1279,22.6316,18.7104,27.1005,30.2632,25.8606,35.0607,1.5474,1.1474,1.6395,1.1342,0.4,0.2133,0.5867,0.5911,0.0859,0.0454,0.1263,-2.0147
LALIGA,2018/19,380.0,44.2105,39.2998,49.2371,28.9474,24.6162,33.6999,26.8421,22.6347,31.5131,1.4526,1.1342,1.6158,1.0947,0.3184,0.158,0.4788,0.5961,0.0874,0.0473,0.1275,-0.4976
LALIGA,2019/20,380.0,45.7895,40.8472,50.816,27.6316,23.3763,32.3346,26.5789,22.3879,31.2388,1.4368,1.0421,1.65,1.0737,0.3947,0.2328,0.5566,0.6058,0.0941,0.0544,0.1339,1.0255
LALIGA,2020/21,380.0,41.5789,36.732,46.5945,28.6842,24.3678,33.4272,29.7368,25.3623,34.5169,1.3684,1.1395,1.5342,1.1789,0.2289,0.0659,0.392,0.5655,0.0581,0.0194,0.0968,0.4603
LALIGA,2021/22,380.0,43.4211,38.528,48.4458,29.2105,24.8647,33.9724,27.3684,23.1289,32.0609,1.4211,1.0816,1.5947,1.1132,0.3395,0.1751,0.5039,0.5889,0.0795,0.0408,0.1181,0.3411
LALIGA,2022/23,380.0,47.8947,42.9182,52.9134,23.4211,19.442,27.9321,28.6842,24.3678,33.4272,1.4553,1.0579,1.6711,1.0947,0.3974,0.2363,0.5585,0.6042,0.0974,0.0565,0.1383,-1.2376
LALIGA,2023/24,380.0,43.9474,39.0424,48.9735,28.1579,23.8717,32.8813,27.8947,23.6239,32.608,1.4842,1.1605,1.6,1.1184,0.3237,0.1551,0.4922,0.5886,0.0788,0.0416,0.116,0.8768
LALIGA,2024/25,380.0,44.4737,39.5573,49.5006,25.5263,21.4026,30.1399,30.0,25.6114,34.7889,1.4526,1.1658,1.5895,1.1553,0.2868,0.1197,0.454,0.5791,0.0734,0.0347,0.1122,-0.7221
LALIGA,2025/26,380.0,48.9474,43.957,53.9588,24.4737,20.4206,29.0377,26.5789,22.3879,31.2388,1.5737,1.1211,1.7132,1.0421,0.4526,0.2944,0.6108,0.6218,0.1132,0.0734,0.153,-0.9826
UCL,2016/17,124.0,44.3548,35.9109,53.138,26.6129,19.6228,35.0085,29.0323,21.7688,37.5558,1.8145,1.1855,1.5968,1.1371,0.629,0.2452,1.0129,,0.0749,0.0101,0.1396,0.8847
UCL,2017/18,124.0,44.3548,35.9109,53.138,20.9677,14.7299,28.9504,34.6774,26.8748,43.4009,1.7742,1.4274,1.5403,1.25,0.3468,-0.0844,0.7779,,0.0474,-0.0226,0.1175,0.8823
UCL,2018/19,124.0,45.9677,37.449,54.7288,21.7742,15.4181,29.8266,32.2581,24.6704,40.912,1.7016,1.2258,1.5968,1.1855,0.4758,0.1081,0.8435,,0.0688,-0.0013,0.139,-0.0177
UCL,2019/20,112.0,45.5357,36.6138,54.7537,20.5357,14.0919,28.9337,33.9286,25.8231,43.0999,1.7232,1.4464,1.5714,1.2232,0.2768,-0.1258,0.6793,,0.0607,-0.0087,0.1301,-2.1598
UCL,2020/21,117.0,41.8803,33.3382,50.9387,20.5128,14.1899,28.7104,37.6068,29.3552,46.6464,1.5214,1.4786,1.4615,1.3333,0.0427,-0.339,0.4245,,0.019,-0.0489,0.0868,2.088
UCL,2021/22,124.0,45.1613,36.6789,53.9345,20.9677,14.7299,28.9504,33.871,26.1374,42.5739,1.629,1.4113,1.5645,1.2258,0.2177,-0.1575,0.593,,0.0561,-0.0137,0.126,-0.104
UCL,2022/23,121.0,49.5868,40.829,58.37,19.8347,13.7068,27.819,30.5785,23.072,39.2803,1.6694,1.3306,1.686,1.1157,0.3388,-0.0881,0.7658,,0.0943,0.0252,0.1634,1.0719
UCL,2023/24,121.0,47.9339,39.2339,56.761,22.314,15.813,30.519,29.7521,22.3315,38.4187,1.7438,1.2893,1.6612,1.1157,0.4545,0.1618,0.7473,,0.0878,0.0227,0.1529,2.1091
UCL,2024/25,184.0,51.087,43.9161,58.2133,14.1304,9.8289,19.8991,34.7826,28.2756,41.912,1.8533,1.4022,1.6739,1.1848,0.4511,0.1178,0.7844,,0.0779,0.0159,0.14,3.663
UCL,2025/26,188.0,50.0,42.9247,57.0753,17.5532,12.7806,23.6252,32.4468,26.164,39.4326,1.984,1.4681,1.6755,1.1489,0.516,0.2008,0.8311,,0.0894,0.0298,0.1491,-1.2282
