scope,travel_band,matches,home_win_pct,home_win_pct_lo,home_win_pct_hi,draw_pct,draw_pct_lo,draw_pct_hi,away_win_pct,away_win_pct_lo,away_win_pct_hi,home_goals_pm,away_goals_pm,home_points_pm,away_points_pm,goal_diff_pm,goal_diff_pm_lo,goal_diff_pm_hi,points_share,home_excess,home_excess_lo,home_excess_hi,mean_strength_difference
Domestic,<100,1155.0,42.7706,39.9459,45.6431,25.8009,23.3607,28.4015,31.4286,28.8166,34.1637,1.4753,1.2364,1.5411,1.2009,0.239,0.136,0.3419,0.562,0.0544,0.0321,0.0767,1.8168
Domestic,100-250,1493.0,45.144,42.6354,47.6775,22.3711,20.3296,24.5543,32.4849,30.157,34.9028,1.5626,1.2887,1.578,1.1983,0.2739,0.1774,0.3705,0.5684,0.0629,0.0426,0.0831,0.0352
Domestic,250-500,2701.0,46.7975,44.9216,48.6825,24.6575,23.0688,26.3182,28.545,26.8732,30.2777,1.5602,1.1807,1.6505,1.1029,0.3795,0.3117,0.4473,0.5994,0.0919,0.0771,0.1066,-0.0362
Domestic,"500-1,000",1068.0,47.2846,44.3055,50.2833,26.4045,23.8487,29.1295,26.3109,23.7584,29.0332,1.5581,1.1348,1.6826,1.0534,0.4232,0.3248,0.5217,0.615,0.1081,0.0846,0.1317,-3.3635
Domestic,"1,000-2,000",94.0,51.0638,41.1169,60.9272,18.0851,11.6093,27.067,30.8511,22.4201,40.7857,1.5213,1.1702,1.7128,1.1064,0.3511,-0.0092,0.7114,0.6075,0.1003,0.0139,0.1866,-0.3511
Domestic,"2,000+",58.0,44.8276,32.7499,57.5479,29.3103,19.1782,42.0129,25.8621,16.3455,38.3774,1.5517,1.0862,1.6379,1.069,0.4655,0.0051,0.9259,0.6051,0.0977,0.0095,0.186,-3.8776
UCL,<100,8.0,75.0,40.9275,92.8521,0.0,0.0,32.4408,25.0,7.1479,59.0725,1.625,0.75,2.25,0.75,0.875,-0.3217,2.0717,0.75,0.2615,-0.0656,0.5885,-8.3375
UCL,100-250,28.0,50.0,32.6331,67.3669,17.8571,7.8785,35.5914,32.1429,17.9332,50.6612,1.8929,1.25,1.6786,1.1429,0.6429,-0.3912,1.6769,0.5949,0.1233,-0.0187,0.2653,-28.0429
UCL,250-500,99.0,42.4242,33.1511,52.2633,21.2121,14.3135,30.2613,36.3636,27.5619,46.1841,1.7576,1.596,1.4848,1.303,0.1616,-0.3288,0.652,0.5326,-0.0022,-0.0736,0.0691,28.7727
UCL,"500-1,000",311.0,50.8039,45.2718,56.3163,17.3633,13.5585,21.9646,31.8328,26.9042,37.2047,1.8006,1.3119,1.6977,1.1286,0.4887,0.2435,0.734,0.6007,0.1017,0.0572,0.1462,-4.7707
UCL,"1,000-2,000",523.0,46.6539,42.4183,50.9383,21.9885,18.6503,25.7353,31.3576,27.5295,35.4575,1.782,1.3384,1.6195,1.1606,0.4436,0.2674,0.6197,0.5825,0.0746,0.0406,0.1086,1.0197
UCL,"2,000+",179.0,49.162,41.9332,56.426,18.9944,13.923,25.3687,31.8436,25.4616,38.9885,1.8212,1.3073,1.6648,1.1453,0.514,0.183,0.845,0.5924,0.0708,0.0123,0.1292,12.3201
