competition,metric,matches,home_pm,away_pm,diff_pm,diff_lo,diff_hi
EPL,goals,3800,1.5553,1.2797,0.2755,0.215,0.3361
EPL,points,3800,1.5713,1.1963,0.375,0.2923,0.4577
EPL,shots,3799,13.8671,11.4812,2.3851,2.0958,2.6744
EPL,shots_on_target,3799,4.7682,4.0221,0.7465,0.6225,0.8705
EPL,corners,3800,5.6645,4.6876,0.9768,0.8253,1.1284
EPL,fouls,3800,10.5982,10.8682,-0.27,-0.4176,-0.1224
EPL,yellow_cards,3800,1.6566,1.85,-0.1934,-0.2457,-0.1412
EPL,red_cards,3800,0.0539,0.0611,-0.0071,-0.0178,0.0036
LALIGA,goals,3800,1.4855,1.1329,0.3526,0.2993,0.406
LALIGA,points,3800,1.6271,1.1108,0.5163,0.436,0.5966
LALIGA,shots,3800,13.2708,10.4816,2.7892,2.551,3.0275
LALIGA,shots_on_target,3800,4.6587,3.6339,1.0247,0.9163,1.1332
LALIGA,corners,3800,5.3097,4.1284,1.1813,1.046,1.3166
LALIGA,fouls,3800,13.2489,13.2195,0.0295,-0.155,0.214
LALIGA,yellow_cards,3800,2.3334,2.5263,-0.1929,-0.2544,-0.1314
LALIGA,red_cards,3800,0.1126,0.1221,-0.0095,-0.0247,0.0057
UCL,goals,1339,1.7595,1.3719,0.3876,0.2706,0.5046
UCL,points,1339,1.6102,1.1889,0.4212,0.2793,0.5631
