team_id,team,competition,seasons,home_matches,away_matches,home_win_pct,home_points_per_game,home_goal_difference_per_game,home_goals_per_game,home_goals_conceded_per_game,home_vs_away_win_difference,home_vs_away_points_difference,home_vs_away_goal_difference,home_advantage_index,mean_elo,cluster,pc1,pc2
alaves,Alavés,LALIGA,8,143,144,39.8601,1.48951,0.034965,1.07692,1.04196,16.9435,0.586733,0.680798,0.210533,1401.21,1,-0.153744,1.4034
arsenal,Arsenal,EPL,9,167,165,70.6587,2.28743,1.28743,2.23353,0.946108,24.5981,0.669243,0.887425,0.209678,1657.89,0,4.28168,-0.120228
aston-villa,Aston Villa,EPL,6,108,110,53.7037,1.81481,0.462963,1.7963,1.33333,19.1582,0.596633,0.826599,0.206028,1504.23,0,1.33437,0.686492
athletic-club,Athletic Club,LALIGA,9,162,162,51.8519,1.82716,0.598765,1.47531,0.876543,24.6914,0.722222,0.907407,0.242365,1519.21,0,2.63374,1.91867
atletico-madrid,Atlético Madrid,LALIGA,9,163,161,72.3926,2.34356,1.17791,1.93865,0.760736,30.1566,0.784552,0.792821,0.250639,1659.56,0,4.87611,0.963297
barcelona,Barcelona,LALIGA,9,162,163,80.8642,2.52469,1.8642,2.64815,0.783951,19.5145,0.469477,0.858063,0.132061,1749.69,0,4.72932,-2.87156
bournemouth,Bournemouth,EPL,8,147,148,38.0952,1.43537,0.0680272,1.40816,1.34014,11.7439,0.415104,0.75046,0.149365,1430.11,1,-1.15524,-0.014431
brentford,Brentford,EPL,5,95,95,41.0526,1.53684,0.315789,1.67368,1.35789,10.5263,0.410526,0.557895,0.151488,1444.31,1,-1.02482,-0.847161
brighton-hove-albion,Brighton & Hove Albion,EPL,8,147,148,38.7755,1.5034,0.142857,1.40136,1.2585,12.4242,0.429077,0.487452,0.148052,1452.33,1,-1.30753,-0.509599
burnley,Burnley,EPL,7,129,128,31.0078,1.15504,-0.341085,1.09302,1.43411,13.039,0.334726,0.416727,0.11748,1386.82,1,-3.1003,-0.275465
celta-vigo,Celta Vigo,LALIGA,9,161,163,40.3727,1.48447,0.204969,1.46584,1.26087,17.6733,0.539687,0.708036,0.180628,1446.68,1,-0.194078,0.755244
chelsea,Chelsea,EPL,9,167,166,55.0898,1.8982,0.826347,1.84431,1.01796,8.10187,0.283746,0.531167,0.0983629,1617.71,1,0.072611,-2.95824
crystal-palace,Crystal Palace,EPL,9,167,166,33.5329,1.31138,0.0538922,1.26946,1.21557,3.41245,0.142703,0.391242,0.0483973,1452.08,1,-3.34279,-2.75911
eibar,Eibar,LALIGA,4,70,70,47.1429,1.61429,0.357143,1.48571,1.12857,27.1429,0.671429,0.971429,0.206517,1453.13,0,1.74025,2.10409
espanyol,Espanyol,LALIGA,8,143,143,38.4615,1.44755,0,1.27273,1.27273,17.4825,0.524476,0.573427,0.184591,1417.74,1,-0.841375,0.821985
everton,Everton,EPL,9,166,167,44.5783,1.57229,0.253012,1.42169,1.16867,22.4226,0.614205,0.857802,0.196587,1459.23,0,0.859493,1.53453
fulham,Fulham,EPL,5,95,95,43.1579,1.47368,0.0210526,1.48421,1.46316,17.8947,0.515789,0.621053,0.167749,1405.1,1,-0.779326,0.546439
getafe,Getafe,LALIGA,8,144,142,42.3611,1.54167,0.291667,1.17361,0.881944,17.009,0.450117,0.573357,0.142843,1437.46,1,-0.285211,-0.212723
girona,Girona,LALIGA,6,114,114,42.9825,1.49123,0.22807,1.57018,1.34211,14.9123,0.350877,0.587719,0.0995307,1433.31,1,-1.19914,-1.10772
granada,Granada,LALIGA,4,67,67,31.3433,1.20896,-0.298507,1.1194,1.41791,22.3881,0.716418,0.925373,0.235799,1347.31,1,-0.373479,3.42131
las-palmas,Las Palmas,LALIGA,4,76,76,30.2632,1.15789,-0.302632,1.17105,1.47368,17.1053,0.565789,0.789474,0.198611,1352.27,1,-1.44848,2.06854
leeds-united,Leeds United,EPL,3,57,57,31.5789,1.26316,-0.385965,1.29825,1.68421,15.7895,0.491228,0.526316,0.162091,1402.22,1,-2.40282,0.898321
leganes,Leganés,LALIGA,5,90,89,35.5556,1.34444,-0.0888889,1.06667,1.15556,20.9488,0.614107,0.686392,0.192493,1381.87,1,-0.500579,1.85042
leicester-city,Leicester City,EPL,7,129,128,41.0853,1.44186,0.124031,1.41085,1.28682,16.8665,0.496548,0.616219,0.159886,1481.42,1,-0.726634,0.321243
levante,Levante,LALIGA,5,86,86,37.2093,1.4186,0.0232558,1.48837,1.46512,15.1163,0.55814,0.767442,0.193464,1393.57,1,-0.6927,1.13883
liverpool,Liverpool,EPL,9,167,166,73.6527,2.42515,1.65269,2.42515,0.772455,19.4358,0.55768,0.965948,0.183798,1718.83,0,4.71081,-1.4513
mallorca,Mallorca,LALIGA,6,105,105,41.9048,1.55238,0.161905,1.1619,1,25.7143,0.857143,1.01905,0.30244,1379.1,0,2.12316,4.03741
manchester-city,Manchester City,EPL,9,165,167,76.9697,2.46061,1.84848,2.69697,0.848485,12.8978,0.370786,0.71076,0.122449,1763.59,0,3.66991,-3.8263
manchester-united,Manchester United,EPL,9,167,166,57.485,1.96407,0.700599,1.71856,1.01796,17.726,0.524313,0.724695,0.178777,1580.78,0,1.655,-0.419624
newcastle-united,Newcastle United,EPL,8,147,148,50.3401,1.72109,0.52381,1.65986,1.13605,21.2861,0.599467,0.848134,0.201025,1491.38,0,1.50289,0.919138
nottingham-forest,Nottingham Forest,EPL,4,76,76,34.2105,1.34211,0.0921053,1.31579,1.22368,5.26316,0.276316,0.697368,0.108262,1390.53,1,-2.1009,-1.2058
osasuna,Osasuna,LALIGA,7,124,124,38.7097,1.43548,-0.0564516,1.33065,1.3871,20.1613,0.580645,0.669355,0.186442,1404.32,1,-0.596765,1.37839
rayo-vallecano,Rayo Vallecano,LALIGA,6,111,110,32.4324,1.35135,-0.0630631,1.21622,1.27928,9.70516,0.44226,0.600573,0.169177,1405.69,1,-1.77103,0.222166
real-betis,Real Betis,LALIGA,9,162,162,47.5309,1.69753,0.37037,1.58642,1.21605,16.0494,0.481481,0.697531,0.170156,1488.7,1,0.240086,-0.0964054
real-madrid,Real Madrid,LALIGA,9,162,162,74.0741,2.38889,1.49383,2.32099,0.82716,15.4321,0.425926,0.641975,0.130022,1748.36,0,3.16499,-2.98438
real-sociedad,Real Sociedad,LALIGA,9,161,162,47.8261,1.67702,0.42236,1.54658,1.12422,13.8755,0.411587,0.613718,0.144551,1515.87,1,-0.131995,-0.868614
real-valladolid,Real Valladolid,LALIGA,4,70,71,27.1429,1.1,-0.485714,0.885714,1.37143,10.2414,0.409859,0.767807,0.153832,1328.98,1,-2.65539,1.04427
sevilla,Sevilla,LALIGA,9,162,163,48.1481,1.70988,0.376543,1.53086,1.15432,18.0868,0.550367,0.683292,0.184043,1507.55,0,0.588392,0.3502
southampton,Southampton,EPL,7,129,128,21.7054,0.945736,-0.627907,1.04651,1.67442,0.611676,0.0863614,0.176781,0.0321997,1394.95,1,-6.04745,-2.4845
tottenham-hotspur,Tottenham Hotspur,EPL,9,166,167,58.4337,1.87952,0.753012,1.91566,1.16265,18.314,0.44838,0.471575,0.132964,1597.56,0,0.807444,-1.57969
valencia,Valencia,LALIGA,9,162,162,45.0617,1.66667,0.407407,1.45062,1.04321,17.9012,0.58642,0.833333,0.205715,1476.71,0,0.999095,0.995893
villarreal,Villarreal,LALIGA,9,163,162,52.1472,1.80982,0.779141,1.9816,1.20245,13.2584,0.420927,0.816178,0.144558,1542.49,0,0.918662,-1.1757
watford,Watford,EPL,5,90,91,32.2222,1.18889,-0.444444,1.23333,1.67778,11.3431,0.375702,0.379731,0.126213,1396.84,1,-3.39478,-0.223401
west-ham-united,West Ham United,EPL,9,166,167,37.3494,1.37952,-0.0843373,1.43373,1.51807,11.0021,0.379518,0.478537,0.143362,1455.94,1,-2.18444,-0.508954
wolverhampton-wanderers,Wolverhampton Wanderers,EPL,7,129,128,37.2093,1.33333,-0.147287,1.24031,1.3876,12.2093,0.333333,0.446463,0.102244,1406.83,1,-2.49702,-0.87938
