feature,coef_A,coef_D,coef_H
strength_difference,-0.577756,0.026581,0.551175
home_form,0.0118235,-0.0375476,0.0257241
away_form,-0.0101642,0.0231306,-0.0129664
home_rest_days,-0.0176148,0.0150525,0.00256224
away_rest_days,0.0115552,-0.00856684,-0.00298836
log_travel_km,-1.18888e-05,-0.0405858,0.0405977
missingindicator_home_form,0.0278764,0.0369011,-0.0647774
missingindicator_away_form,-0.0393197,0.0212516,0.0180681
missingindicator_home_rest_days,0.0152178,0.0141627,-0.0293805
missingindicator_away_rest_days,0.0130792,0.00553075,-0.01861
crowd_status_restricted,0.136014,0.0225192,-0.158533
crowd_status_behind_closed_doors,0.154222,0.00624203,-0.160464
crowd_status_unknown,0.103284,-0.0419058,-0.0613779
competition_LALIGA,-0.127577,0.156976,-0.0293985
competition_UCL,0.0392647,-0.0200277,-0.019237
neutral_venue,0.15933,-0.0776756,-0.0816545
knockout_match,0.116048,-0.108761,-0.00728688
