feature,coef,odds_ratio
strength_difference,0.842568,2.32232
home_form,0.0287987,1.02922
away_form,-0.0226899,0.977566
home_rest_days,0.00483719,1.00485
away_rest_days,-0.00498293,0.995029
log_travel_km,0.0652956,1.06747
missingindicator_home_form,-0.0972159,0.90736
missingindicator_away_form,0.0212936,1.02152
missingindicator_home_rest_days,-0.046237,0.954816
missingindicator_away_rest_days,-0.0259536,0.97438
crowd_status_restricted,-0.300002,0.740816
crowd_status_behind_closed_doors,-0.254308,0.775453
crowd_status_unknown,-0.15722,0.854516
competition_LALIGA,-0.0468612,0.95422
competition_UCL,-0.0281078,0.972284
neutral_venue,-0.244682,0.782954
knockout_match,-0.0183801,0.981788
