term,coef,se,z,p_value,odds_ratio,or_ci_lo,or_ci_hi
const,-0.149042,0.0641153,-2.3246,0.0200936,0.861533,0.759796,0.976893
strength_difference,0.836734,0.0402518,20.7875,5.61768e-96,2.30881,2.13367,2.49834
home_form,0.00912858,0.0316785,0.288163,0.773222,1.00917,0.948418,1.07381
away_form,-0.0173544,0.0361595,-0.479941,0.631269,0.982795,0.915554,1.05497
home_rest_days,0.01577,0.0383691,0.411009,0.681066,1.0159,0.9423,1.09524
away_rest_days,-0.0214192,0.0356035,-0.601604,0.547438,0.978809,0.912834,1.04955
log_travel_km,0.0649501,0.0379651,1.71079,0.0871205,1.06711,0.990585,1.14954
missingindicator_home_form,-0.0897061,0.0295664,-3.03405,0.00241294,0.9142,0.862729,0.968742
missingindicator_away_form,0.0120661,0.0322269,0.37441,0.7081,1.01214,0.950186,1.07813
missingindicator_home_rest_days,-0.0356906,0.0515016,-0.693001,0.488309,0.964939,0.872291,1.06743
missingindicator_away_rest_days,-0.0256503,0.053513,-0.479328,0.631705,0.974676,0.877627,1.08246
crowd_status_restricted,-0.42029,0.181594,-2.31444,0.0206434,0.656857,0.460148,0.937657
crowd_status_behind_closed_doors,-0.269951,0.0804707,-3.35465,0.000794651,0.763417,0.652026,0.893837
crowd_status_unknown,-0.277977,0.200784,-1.38446,0.166217,0.757314,0.510938,1.12249
competition_LALIGA,-0.0309679,0.0664946,-0.46572,0.641416,0.969507,0.851041,1.10446
competition_UCL,-0.0207937,0.116667,-0.178232,0.858541,0.979421,0.779225,1.23105
neutral_venue,-1.08075,0.396837,-2.72341,0.00646115,0.339341,0.1559,0.738625
knockout_match,0.0330793,0.214146,0.154471,0.877239,1.03363,0.679336,1.57271
