model,term,coef,se,z_or_t,p_value,ci_lo,ci_hi,n,odds_ratio,or_ci_lo,or_ci_hi
ols_goal_difference,Intercept,0.29939,0.0358806,8.34406,7.17844e-17,0.229065,0.369715,8851,,,
ols_goal_difference,"C(crowd, Treatment('normal'))[T.restricted]",-0.157628,0.129438,-1.21779,0.223305,-0.411323,0.0960664,8851,,,
ols_goal_difference,"C(crowd, Treatment('normal'))[T.behind_closed_doors]",-0.196748,0.0576568,-3.4124,0.000643935,-0.309753,-0.0837428,8851,,,
ols_goal_difference,C(competition)[T.LALIGA],0.0814608,0.038467,2.11768,0.0342023,0.0060668,0.156855,8851,,,
ols_goal_difference,C(competition)[T.UCL],0.137678,0.0715216,1.92499,0.0542307,-0.00250146,0.277858,8851,,,
ols_goal_difference,sd100,0.449437,0.0130304,34.4913,1.08191e-260,0.423898,0.474977,8851,,,
logit_home_win,Intercept,-0.222347,0.0450468,-4.9359,7.97835e-07,-0.310637,-0.134056,8851,0.800638,0.73298,0.874541
logit_home_win,"C(crowd, Treatment('normal'))[T.restricted]",-0.418397,0.186505,-2.24335,0.0248741,-0.78394,-0.0528534,8851,0.658101,0.456603,0.948519
logit_home_win,"C(crowd, Treatment('normal'))[T.behind_closed_doors]",-0.244259,0.0774404,-3.15416,0.00160963,-0.396039,-0.0924787,8851,0.783285,0.67298,0.911669
logit_home_win,C(competition)[T.LALIGA],0.0522539,0.0503982,1.03682,0.29982,-0.0465248,0.151033,8851,1.05364,0.954541,1.16303
logit_home_win,C(competition)[T.UCL],0.135304,0.0639467,2.11588,0.0343546,0.00997063,0.260637,8851,1.14488,1.01002,1.29776
logit_home_win,sd100,0.462988,0.0174726,26.498,1.02252e-154,0.428743,0.497234,8851,1.58881,1.53533,1.64417
ordered_logit_result,sd100,0.470796,0.0126922,37.0934,3.59548e-301,0.44592,0.495672,8851,1.60127,1.56193,1.6416
ordered_logit_result,crowd_bcd,-0.222923,0.0653936,-3.40893,0.00065217,-0.351092,-0.0947534,8851,0.800177,0.703919,0.909597
ordered_logit_result,crowd_restricted,-0.357649,0.164657,-2.17209,0.029849,-0.680371,-0.0349277,8851,0.699318,0.506429,0.965675
ordered_logit_result,comp_laliga,0.118161,0.0449627,2.62798,0.00858944,0.0300357,0.206286,8851,1.12543,1.03049,1.22911
ordered_logit_result,comp_ucl,0.0575029,0.0639776,0.898797,0.368761,-0.0678909,0.182897,8851,1.05919,0.934362,1.20069
ordered_logit_result,away/draw,-0.923097,0.0356211,-25.9143,4.59017e-148,-0.992913,-0.853281,8851,0.397287,0.370496,0.426015
ordered_logit_result,draw/home,0.158408,0.0198181,7.99313,1.3156e-15,0.119566,0.197251,8851,1.17164,1.12701,1.21805
ols_goal_difference_window_season_fe,Intercept,0.319921,0.0667077,4.79586,1.61981e-06,0.189176,0.450665,2260,,,
ols_goal_difference_window_season_fe,"C(crowd, Treatment('normal'))[T.restricted]",0.0315386,0.173258,0.182033,0.855557,-0.308041,0.371118,2260,,,
ols_goal_difference_window_season_fe,"C(crowd, Treatment('normal'))[T.behind_closed_doors]",-0.143917,0.131637,-1.09329,0.274268,-0.40192,0.114087,2260,,,
ols_goal_difference_window_season_fe,C(competition)[T.LALIGA],0.142967,0.0615235,2.32379,0.0201369,0.0223836,0.263551,2260,,,
ols_goal_difference_window_season_fe,C(season)[T.2020/21],-0.151578,0.134228,-1.12926,0.258789,-0.414659,0.111504,2260,,,
ols_goal_difference_window_season_fe,C(season)[T.2021/22],-0.121976,0.0961026,-1.26923,0.204359,-0.310334,0.0663812,2260,,,
ols_goal_difference_window_season_fe,sd100,0.414162,0.0193968,21.3521,3.7272e-101,0.376145,0.452179,2260,,,
ols_goal_difference_interaction,Intercept,0.302639,0.0384317,7.87473,3.41477e-15,0.227315,0.377964,8709,,,
ols_goal_difference_interaction,C(competition)[T.LALIGA],0.0746749,0.04416,1.69101,0.0908349,-0.011877,0.161227,8709,,,
ols_goal_difference_interaction,C(competition)[T.UCL],0.135004,0.0779831,1.7312,0.0834166,-0.01784,0.287848,8709,,,
ols_goal_difference_interaction,"C(crowd, Treatment('normal'))[T.behind_closed_doors]",-0.242595,0.102028,-2.37774,0.017419,-0.442566,-0.0426248,8709,,,
ols_goal_difference_interaction,"C(competition)[T.LALIGA]:C(crowd, Treatment('normal'))[T.behind_closed_doors]",0.0649369,0.1162,0.558836,0.576273,-0.162811,0.292685,8709,,,
ols_goal_difference_interaction,"C(competition)[T.UCL]:C(crowd, Treatment('normal'))[T.behind_closed_doors]",0.182306,0.213546,0.853706,0.393268,-0.236237,0.600848,8709,,,
ols_goal_difference_interaction,sd100,0.448566,0.0127959,35.0553,3.23307e-269,0.423486,0.473645,8709,,,
ols_shots_diff,Intercept,2.57205,0.322558,7.97391,1.5373e-15,1.93985,3.20425,7579,,,
ols_shots_diff,"C(crowd, Treatment('normal'))[T.restricted]",-1.03211,0.724168,-1.42523,0.15409,-2.45145,0.387237,7579,,,
ols_shots_diff,"C(crowd, Treatment('normal'))[T.behind_closed_doors]",-1.55587,0.383691,-4.05501,5.01322e-05,-2.30789,-0.803851,7579,,,
ols_shots_diff,C(competition)[T.LALIGA],0.441481,0.409151,1.07902,0.280579,-0.36044,1.2434,7579,,,
ols_shots_diff,sd100,2.18511,0.103526,21.1068,6.8915e-99,1.9822,2.38802,7579,,,
ols_shots_on_target_diff,Intercept,0.808018,0.101527,7.95865,1.73925e-15,0.609029,1.00701,7579,,,
ols_shots_on_target_diff,"C(crowd, Treatment('normal'))[T.restricted]",-0.0903944,0.309759,-0.291822,0.770423,-0.69751,0.516722,7579,,,
ols_shots_on_target_diff,"C(crowd, Treatment('normal'))[T.behind_closed_doors]",-0.532678,0.130934,-4.06829,4.7359e-05,-0.789303,-0.276052,7579,,,
ols_shots_on_target_diff,C(competition)[T.LALIGA],0.287517,0.127611,2.25308,0.0242543,0.0374043,0.537629,7579,,,
ols_shots_on_target_diff,sd100,0.937835,0.029611,31.6719,3.78778e-220,0.879799,0.995872,7579,,,
ols_corners_diff,Intercept,1.07196,0.134374,7.97742,1.49425e-15,0.808588,1.33532,7580,,,
ols_corners_diff,"C(crowd, Treatment('normal'))[T.restricted]",-0.741373,0.449308,-1.65003,0.0989361,-1.622,0.139254,7580,,,
ols_corners_diff,"C(crowd, Treatment('normal'))[T.behind_closed_doors]",-0.7715,0.198343,-3.88973,0.000100356,-1.16024,-0.382755,7580,,,
ols_corners_diff,C(competition)[T.LALIGA],0.22411,0.178134,1.2581,0.208356,-0.125026,0.573246,7580,,,
ols_corners_diff,sd100,0.891466,0.0496635,17.9501,4.78767e-72,0.794127,0.988805,7580,,,
ols_fouls_diff,Intercept,-0.336343,0.182708,-1.84088,0.0656394,-0.694444,0.0217579,7580,,,
ols_fouls_diff,"C(crowd, Treatment('normal'))[T.restricted]",0.677899,0.575374,1.17819,0.238721,-0.449813,1.80561,7580,,,
ols_fouls_diff,"C(crowd, Treatment('normal'))[T.behind_closed_doors]",0.525056,0.244415,2.14821,0.0316967,0.0460113,1.0041,7580,,,
ols_fouls_diff,C(competition)[T.LALIGA],0.284703,0.320302,0.888858,0.374079,-0.343077,0.912482,7580,,,
ols_fouls_diff,sd100,-0.485011,0.0694126,-6.98736,2.80111e-12,-0.621057,-0.348965,7580,,,
ols_yellow_cards_diff,Intercept,-0.219928,0.0449945,-4.88789,1.01921e-06,-0.308116,-0.131741,7580,,,
ols_yellow_cards_diff,"C(crowd, Treatment('normal'))[T.restricted]",0.121241,0.193559,0.626377,0.531068,-0.258127,0.500608,7580,,,
ols_yellow_cards_diff,"C(crowd, Treatment('normal'))[T.behind_closed_doors]",0.221268,0.0704663,3.14006,0.00168915,0.0831568,0.359379,7580,,,
ols_yellow_cards_diff,C(competition)[T.LALIGA],-0.00284636,0.0705415,-0.0403502,0.967814,-0.141105,0.135412,7580,,,
ols_yellow_cards_diff,sd100,-0.163311,0.0109157,-14.9612,1.31721e-50,-0.184705,-0.141917,7580,,,
ols_red_cards_diff,Intercept,-0.00798798,0.00569479,-1.40268,0.160712,-0.0191496,0.0031736,7580,,,
ols_red_cards_diff,"C(crowd, Treatment('normal'))[T.restricted]",0.049197,0.032712,1.50394,0.132596,-0.0149174,0.113311,7580,,,
ols_red_cards_diff,"C(crowd, Treatment('normal'))[T.behind_closed_doors]",0.00386084,0.0137194,0.281415,0.778392,-0.0230286,0.0307503,7580,,,
ols_red_cards_diff,C(competition)[T.LALIGA],-0.00265854,0.00902919,-0.294439,0.768423,-0.0203554,0.0150383,7580,,,
ols_red_cards_diff,sd100,-0.00497268,0.00248277,-2.00287,0.0451911,-0.00983883,-0.000106529,7580,,,
logit_home_win_factors,Intercept,-0.173227,0.0475597,-3.6423,0.000270208,-0.266442,-0.0800117,8253,0.840947,0.7661,0.923106
logit_home_win_factors,"C(crowd, Treatment('normal'))[T.restricted]",-0.287177,0.198094,-1.4497,0.147141,-0.675434,0.101079,8253,0.750379,0.508935,1.10636
logit_home_win_factors,"C(crowd, Treatment('normal'))[T.behind_closed_doors]",-0.258153,0.0792399,-3.25786,0.00112256,-0.41346,-0.102845,8253,0.772477,0.661358,0.902267
logit_home_win_factors,C(competition)[T.LALIGA],0.00823866,0.0583582,0.141174,0.887733,-0.106141,0.122619,8253,1.00827,0.899298,1.13045
logit_home_win_factors,C(competition)[T.UCL],0.0693415,0.0830105,0.835334,0.40353,-0.0933561,0.232039,8253,1.0718,0.910869,1.26117
logit_home_win_factors,z_strength,0.831405,0.0370424,22.4447,1.44223e-111,0.758804,0.904007,8253,2.29654,2.13572,2.46948
logit_home_win_factors,z_log_travel,0.0722973,0.0293219,2.46564,0.0136768,0.0148274,0.129767,8253,1.07497,1.01494,1.13856
logit_home_win_factors,z_rest,-0.0268424,0.017978,-1.49307,0.13542,-0.0620787,0.00839392,8253,0.973515,0.939809,1.00843
logit_home_win_factors,z_form,0.0175304,0.0253073,0.692701,0.488497,-0.032071,0.0671319,8253,1.01768,0.968438,1.06944
ols_goal_difference_factors,Intercept,0.328455,0.0394839,8.3187,8.89341e-17,0.251068,0.405842,8253,,,
ols_goal_difference_factors,"C(crowd, Treatment('normal'))[T.restricted]",-0.0654684,0.145815,-0.448982,0.653445,-0.351261,0.220324,8253,,,
ols_goal_difference_factors,"C(crowd, Treatment('normal'))[T.behind_closed_doors]",-0.200887,0.0592215,-3.39213,0.000693523,-0.316959,-0.0848148,8253,,,
ols_goal_difference_factors,C(competition)[T.LALIGA],0.0561599,0.042847,1.31071,0.189957,-0.0278187,0.140138,8253,,,
ols_goal_difference_factors,C(competition)[T.UCL],0.0831314,0.0761954,1.09103,0.27526,-0.0662089,0.232472,8253,,,
ols_goal_difference_factors,z_strength,0.795588,0.0263731,30.1666,6.49572e-200,0.743898,0.847279,8253,,,
ols_goal_difference_factors,z_log_travel,0.0467593,0.0178179,2.62429,0.00868304,0.0118368,0.0816817,8253,,,
ols_goal_difference_factors,z_rest,-0.051894,0.0177568,-2.92249,0.00347246,-0.0866966,-0.0170913,8253,,,
ols_goal_difference_factors,z_form,0.0188519,0.0199764,0.943707,0.345319,-0.0203011,0.0580049,8253,,,
ols_home_excess_trend,Intercept,0.0767334,0.0103882,7.38661,1.5062e-13,0.056373,0.0970939,7717,,,
ols_home_excess_trend,C(competition)[T.LALIGA],0.0219786,0.0112105,1.96054,0.0499329,6.43769e-06,0.0439508,7717,,,
ols_home_excess_trend,C(competition)[T.UCL],0.00704165,0.0144308,0.487959,0.625579,-0.0212423,0.0353256,7717,,,
ols_home_excess_trend,season_index,-0.00131985,0.00149929,-0.880319,0.378686,-0.0042584,0.0016187,7717,,,
