team_id,team,competition,home_matches,away_matches,seasons,home_ppm,away_ppm,raw_ppm_gap,home_excess,away_excess,adj_gap,adj_gap_lo,adj_gap_hi,se,shrinkage_weight,shrunk_gap,shrunk_lo,shrunk_hi,differs_from_mean
mallorca,Mallorca,LALIGA,105,105,6,1.55238,0.695238,0.857143,0.187069,-0.115371,0.30244,0.197567,0.407313,0.0535076,0.16118,0.184147,0.142043,0.226251,False
atletico-madrid,Atlético Madrid,LALIGA,163,161,9,2.34356,1.55901,0.784552,0.0862948,-0.164344,0.250639,0.171626,0.329653,0.0403137,0.252899,0.183981,0.144246,0.223716,False
athletic-club,Athletic Club,LALIGA,162,162,9,1.82716,1.10494,0.722222,0.0970034,-0.145361,0.242365,0.158518,0.326211,0.0427796,0.231128,0.180126,0.139816,0.220436,False
arsenal,Arsenal,EPL,167,165,9,2.28743,1.61818,0.669243,0.0842525,-0.125425,0.209678,0.130107,0.289248,0.040598,0.250253,0.173494,0.133689,0.2133,False
valencia,Valencia,LALIGA,162,162,9,1.66667,1.08025,0.58642,0.108258,-0.0974569,0.205715,0.119427,0.292003,0.0440254,0.221084,0.17121,0.130638,0.211783,False
alaves,Alavés,LALIGA,143,144,8,1.48951,0.902778,0.586733,0.144757,-0.0657759,0.210533,0.116825,0.304241,0.047811,0.193982,0.170945,0.129673,0.212217,False
newcastle-united,Newcastle United,EPL,147,148,8,1.72109,1.12162,0.599467,0.113451,-0.0875743,0.201025,0.109319,0.292731,0.0467895,0.200825,0.169371,0.128275,0.210468,False
everton,Everton,EPL,166,167,9,1.57229,0.958084,0.614205,0.106152,-0.0904353,0.196587,0.108231,0.284943,0.0450805,0.213035,0.168909,0.128128,0.209691,False
aston-villa,Aston Villa,EPL,108,110,6,1.81481,1.21818,0.596633,0.124274,-0.0817546,0.206028,0.0957166,0.31634,0.0562825,0.147972,0.168018,0.125584,0.210452,False
liverpool,Liverpool,EPL,167,166,9,2.42515,1.86747,0.55768,0.0763259,-0.107473,0.183798,0.11049,0.257107,0.0374031,0.282248,0.167734,0.128787,0.206681,False
sevilla,Sevilla,LALIGA,162,163,9,1.70988,1.15951,0.550367,0.0740789,-0.109964,0.184043,0.0992505,0.268835,0.0432622,0.227166,0.166557,0.126143,0.20697,False
osasuna,Osasuna,LALIGA,124,124,7,1.43548,0.854839,0.580645,0.112352,-0.0740901,0.186442,0.0915707,0.281314,0.0484047,0.190152,0.166176,0.124805,0.207546,False
espanyol,Espanyol,LALIGA,143,143,8,1.44755,0.923077,0.524476,0.112072,-0.0725186,0.184591,0.0930193,0.276163,0.0467211,0.201295,0.166082,0.124997,0.207166,False
celta-vigo,Celta Vigo,LALIGA,161,163,9,1.48447,0.944785,0.539687,0.0783614,-0.102267,0.180628,0.0923019,0.268955,0.0450654,0.213148,0.165512,0.124733,0.20629,False
manchester-united,Manchester United,EPL,167,166,9,1.96407,1.43976,0.524313,0.0869568,-0.0918206,0.178777,0.0906895,0.266865,0.0449436,0.214057,0.165133,0.124378,0.205888,False
real-betis,Real Betis,LALIGA,162,162,9,1.69753,1.21605,0.481481,0.100036,-0.0701201,0.170156,0.0831306,0.257182,0.0444016,0.218167,0.163324,0.122675,0.203972,False
rayo-vallecano,Rayo Vallecano,LALIGA,111,110,6,1.35135,0.909091,0.44226,0.105969,-0.063208,0.169177,0.0633207,0.275033,0.0540091,0.158673,0.162648,0.120482,0.204815,False
fulham,Fulham,EPL,95,95,5,1.47368,0.957895,0.515789,0.135029,-0.0327208,0.167749,0.0532742,0.282225,0.0584068,0.138872,0.162296,0.119637,0.204956,False
leicester-city,Leicester City,EPL,129,128,7,1.44186,0.945312,0.496548,0.0195091,-0.140377,0.159886,0.0630863,0.256685,0.0493884,0.184033,0.161135,0.119609,0.202661,False
brentford,Brentford,EPL,95,95,5,1.53684,1.12632,0.410526,0.124309,-0.0271785,0.151488,0.0335958,0.269379,0.06015,0.131986,0.160106,0.117276,0.202936,False
bournemouth,Bournemouth,EPL,147,148,8,1.43537,1.02027,0.415104,0.107845,-0.0415201,0.149365,0.0575061,0.241225,0.0468678,0.200289,0.159003,0.117893,0.200114,False
brighton-hove-albion,Brighton & Hove Albion,EPL,147,148,8,1.5034,1.07432,0.429077,0.104227,-0.0438257,0.148052,0.054779,0.241326,0.0475893,0.19544,0.158805,0.11757,0.20004,False
villarreal,Villarreal,LALIGA,163,162,9,1.80982,1.38889,0.420927,0.0523897,-0.0921685,0.144558,0.05142,0.237697,0.0475204,0.195896,0.158114,0.116891,0.199338,False
real-sociedad,Real Sociedad,LALIGA,161,162,9,1.67702,1.26543,0.411587,0.0481824,-0.0963681,0.144551,0.0551892,0.233912,0.0455933,0.209267,0.157887,0.117008,0.198766,False
getafe,Getafe,LALIGA,144,142,8,1.54167,1.09155,0.450117,0.109638,-0.033205,0.142843,0.0521712,0.233515,0.0462621,0.204489,0.157619,0.116617,0.198621,False
west-ham-united,West Ham United,EPL,166,167,9,1.37952,1,0.379518,0.0532773,-0.0900845,0.143362,0.0557846,0.230939,0.044683,0.21602,0.157517,0.116813,0.198221,False
watford,Watford,EPL,90,91,5,1.18889,0.813187,0.375702,0.0513723,-0.0748407,0.126213,0.00809912,0.244327,0.0602633,0.131556,0.156786,0.113945,0.199626,False
tottenham-hotspur,Tottenham Hotspur,EPL,166,167,9,1.87952,1.43114,0.44838,0.0165651,-0.116399,0.132964,0.0459787,0.21995,0.0443813,0.218324,0.155205,0.114561,0.195849,False
barcelona,Barcelona,LALIGA,162,163,9,2.52469,2.05521,0.469477,0.042639,-0.0894223,0.132061,0.0540385,0.210084,0.0398083,0.257696,0.153852,0.114245,0.193459,False
real-madrid,Real Madrid,LALIGA,162,162,9,2.38889,1.96296,0.425926,0.00648938,-0.123533,0.130022,0.0525368,0.207508,0.0395342,0.260348,0.153243,0.113707,0.19278,False
burnley,Burnley,EPL,129,128,7,1.15504,0.820312,0.334726,0.0656154,-0.0518646,0.11748,0.0258968,0.209063,0.046727,0.201255,0.152574,0.111489,0.19366,False
girona,Girona,LALIGA,114,114,6,1.49123,1.14035,0.350877,0.0853999,-0.0141307,0.0995307,-0.0100454,0.209107,0.0559072,0.149667,0.152155,0.109763,0.194546,False
wolverhampton-wanderers,Wolverhampton Wanderers,EPL,129,128,7,1.33333,1,0.333333,0.0865967,-0.0156478,0.102244,-0.00072695,0.205216,0.0525374,0.166189,0.151583,0.109605,0.193561,False
manchester-city,Manchester City,EPL,165,167,9,2.46061,2.08982,0.370786,0.0391665,-0.0832824,0.122449,0.048911,0.195987,0.03752,0.280986,0.150467,0.111486,0.189449,False
chelsea,Chelsea,EPL,167,166,9,1.8982,1.61446,0.283746,0.0118147,-0.0865481,0.0983629,0.0123983,0.184327,0.0438603,0.222381,0.147395,0.106856,0.187933,False
southampton,Southampton,EPL,129,128,7,0.945736,0.859375,0.0863614,-0.0202466,-0.0524463,0.0321997,-0.0624442,0.126844,0.0482886,0.190893,0.13675,0.0953991,0.178101,False
crystal-palace,Crystal Palace,EPL,167,166,9,1.31138,1.16867,0.142703,0.0369787,-0.0114186,0.0483973,-0.0381912,0.134986,0.0441787,0.219889,0.136565,0.0959617,0.177169,False
