competition,season,team,played,won,drawn,lost,goals_for,goals_against,points,source,accessed
EPL,2016/17,Chelsea,38,30,3,5,85,33,93,https://en.wikipedia.org/wiki/2016%E2%80%9317_Premier_League,2026-10-02
EPL,2016/17,Tottenham Hotspur,38,26,8,4,86,26,86,https://en.wikipedia.org/wiki/2016%E2%80%9317_Premier_League,2026-10-02
EPL,2016/17,Manchester City,38,23,9,6,80,39,78,https://en.wikipedia.org/wiki/2016%E2%80%9317_Premier_League,2026-10-02
EPL,2016/17,Liverpool,38,22,10,6,78,42,76,https://en.wikipedia.org/wiki/2016%E2%80%9317_Premier_League,2026-10-02
EPL,2016/17,Arsenal,38,23,6,9,77,44,75,https://en.wikipedia.org/wiki/2016%E2%80%9317_Premier_League,2026-10-02
EPL,2016/17,Manchester United,38,18,15,5,54,29,69,https://en.wikipedia.org/wiki/2016%E2%80%9317_Premier_League,2026-10-02
EPL,2016/17,Everton,38,17,10,11,62,44,61,https://en.wikipedia.org/wiki/2016%E2%80%9317_Premier_League,2026-10-02
EPL,2016/17,Southampton,38,12,10,16,41,48,46,https://en.wikipedia.org/wiki/2016%E2%80%9317_Premier_League,2026-10-02
EPL,2016/17,Bournemouth,38,12,10,16,55,67,46,https://en.wikipedia.org/wiki/2016%E2%80%9317_Premier_League,2026-10-02
EPL,2016/17,West Bromwich Albion,38,12,9,17,43,51,45,https://en.wikipedia.org/wiki/2016%E2%80%9317_Premier_League,2026-10-02
EPL,2016/17,West Ham United,38,12,9,17,47,64,45,https://en.wikipedia.org/wiki/2016%E2%80%9317_Premier_League,2026-10-02
EPL,2016/17,Leicester City,38,12,8,18,48,63,44,https://en.wikipedia.org/wiki/2016%E2%80%9317_Premier_League,2026-10-02
EPL,2016/17,Stoke City,38,11,11,16,41,56,44,https://en.wikipedia.org/wiki/2016%E2%80%9317_Premier_League,2026-10-02
EPL,2016/17,Crystal Palace,38,12,5,21,50,63,41,https://en.wikipedia.org/wiki/2016%E2%80%9317_Premier_League,2026-10-02
EPL,2016/17,Swansea City,38,12,5,21,45,70,41,https://en.wikipedia.org/wiki/2016%E2%80%9317_Premier_League,2026-10-02
EPL,2016/17,Burnley,38,11,7,20,39,55,40,https://en.wikipedia.org/wiki/2016%E2%80%9317_Premier_League,2026-10-02
EPL,2016/17,Watford,38,11,7,20,40,68,40,https://en.wikipedia.org/wiki/2016%E2%80%9317_Premier_League,2026-10-02
EPL,2016/17,Hull City,38,9,7,22,37,80,34,https://en.wikipedia.org/wiki/2016%E2%80%9317_Premier_League,2026-10-02
EPL,2016/17,Middlesbrough,38,5,13,20,27,53,28,https://en.wikipedia.org/wiki/2016%E2%80%9317_Premier_League,2026-10-02
EPL,2016/17,Sunderland,38,6,6,26,29,69,24,https://en.wikipedia.org/wiki/2016%E2%80%9317_Premier_League,2026-10-02
