team_id,stadium,city,country,latitude,longitude,valid_from,valid_to,competition,note
arsenal,Emirates Stadium,London,England,51.5549,-0.1084,,,,
aston-villa,Villa Park,Birmingham,England,52.5092,-1.8848,,,,
bournemouth,Vitality Stadium,Bournemouth,England,50.7352,-1.8383,,,,
brentford,Gtech Community Stadium,London,England,51.4908,-0.2886,,,,
brighton-hove-albion,Falmer Stadium (Amex),Brighton,England,50.8616,-0.0837,,,,
burnley,Turf Moor,Burnley,England,53.7890,-2.2302,,,,
cardiff-city,Cardiff City Stadium,Cardiff,Wales,51.4728,-3.2030,,,,
chelsea,Stamford Bridge,London,England,51.4817,-0.1910,,,,
crystal-palace,Selhurst Park,London,England,51.3983,-0.0855,,,,
everton,Goodison Park,Liverpool,England,53.4388,-2.9664,,2025-06-30,,
everton,Hill Dickinson Stadium,Liverpool,England,53.4245,-3.0000,2025-07-01,,,moved to Bramley-Moore Dock for 2025/26
fulham,Craven Cottage,London,England,51.4749,-0.2217,,,,
huddersfield-town,Kirklees Stadium,Huddersfield,England,53.6543,-1.7684,,,,
hull-city,KCOM/MKM Stadium,Hull,England,53.7462,-0.3678,,,,
ipswich-town,Portman Road,Ipswich,England,52.0545,1.1447,,,,
leeds-united,Elland Road,Leeds,England,53.7778,-1.5722,,,,
leicester-city,King Power Stadium,Leicester,England,52.6204,-1.1422,,,,
liverpool,Anfield,Liverpool,England,53.4308,-2.9608,,,,
luton-town,Kenilworth Road,Luton,England,51.8843,-0.4317,,,,
manchester-city,Etihad Stadium,Manchester,England,53.4831,-2.2004,,,,
manchester-united,Old Trafford,Manchester,England,53.4631,-2.2913,,,,
middlesbrough,Riverside Stadium,Middlesbrough,England,54.5782,-1.2170,,,,
newcastle-united,St James' Park,Newcastle,England,54.9756,-1.6217,,,,
norwich-city,Carrow Road,Norwich,England,52.6221,1.3092,,,,
nottingham-forest,City Ground,Nottingham,England,52.9400,-1.1328,,,,
queens-park-rangers,Loftus Road,London,England,51.5093,-0.2322,,,,
sheffield-united,Bramall Lane,Sheffield,England,53.3703,-1.4709,,,,
southampton,St Mary's Stadium,Southampton,England,50.9058,-1.3911,,,,
stoke-city,bet365 Stadium,Stoke-on-Trent,England,52.9884,-2.1755,,,,
sunderland,Stadium of Light,Sunderland,England,54.9146,-1.3884,,,,
swansea-city,Liberty Stadium,Swansea,Wales,51.6428,-3.9351,,,,
tottenham-hotspur,White Hart Lane,London,England,51.6033,-0.0657,,2017-06-30,,White Hart Lane (domestic) until 2016/17
tottenham-hotspur,Wembley Stadium,London,England,51.5560,-0.2796,2016-07-01,2017-06-30,UCL,2016/17 Champions League home games at Wembley
tottenham-hotspur,Wembley Stadium,London,England,51.5560,-0.2796,2017-07-01,2019-04-02,,temporary home while the new stadium was built
tottenham-hotspur,Tottenham Hotspur Stadium,London,England,51.6044,-0.0664,2019-04-03,,,
watford,Vicarage Road,Watford,England,51.6499,-0.4015,,,,
west-bromwich-albion,The Hawthorns,West Bromwich,England,52.5090,-1.9639,,,,
west-ham-united,Boleyn Ground,London,England,51.5321,0.0394,,2016-06-30,,
west-ham-united,London Stadium,London,England,51.5387,-0.0166,2016-07-01,,,
wolverhampton-wanderers,Molineux,Wolverhampton,England,52.5902,-2.1304,,,,
alaves,Mendizorroza,Vitoria-Gasteiz,Spain,42.8372,-2.6880,,,,
almeria,Estadio de los Juegos Mediterráneos,Almería,Spain,36.8400,-2.4350,,,,
athletic-club,San Mamés,Bilbao,Spain,43.2641,-2.9494,,,,
atletico-madrid,Vicente Calderón,Madrid,Spain,40.4017,-3.7206,,2017-06-30,,
atletico-madrid,Metropolitano,Madrid,Spain,40.4362,-3.5995,2017-07-01,,,
barcelona,Camp Nou,Barcelona,Spain,41.3809,2.1228,,2023-06-30,,
barcelona,Estadi Olímpic Lluís Companys,Barcelona,Spain,41.3647,2.1557,2023-07-01,2025-11-21,,Montjuïc while Camp Nou was rebuilt
barcelona,Camp Nou,Barcelona,Spain,41.3809,2.1228,2025-11-22,,,
real-betis,Benito Villamarín,Seville,Spain,37.3565,-5.9817,,,,
cadiz,Nuevo Mirandilla,Cádiz,Spain,36.5027,-6.2729,,,,
celta-vigo,Balaídos,Vigo,Spain,42.2118,-8.7397,,,,
cordoba,El Arcángel,Córdoba,Spain,37.8722,-4.7656,,,,
eibar,Ipurua,Eibar,Spain,43.1817,-2.4756,,,,
elche,Martínez Valero,Elche,Spain,38.2671,-0.6634,,,,
espanyol,RCDE Stadium,Cornellà de Llobregat,Spain,41.3479,2.0757,,,,
getafe,Coliseum,Getafe,Spain,40.3256,-3.7147,,,,
girona,Montilivi,Girona,Spain,41.9612,2.8286,,,,
granada,Nuevo Los Cármenes,Granada,Spain,37.1530,-3.5958,,,,
huesca,El Alcoraz,Huesca,Spain,42.1314,-0.4223,,,,
deportivo-la-coruna,Riazor,A Coruña,Spain,43.3687,-8.4174,,,,
las-palmas,Estadio de Gran Canaria,Las Palmas,Spain,28.1003,-15.4567,,,,
leganes,Butarque,Leganés,Spain,40.3404,-3.7605,,,,
levante,Ciutat de València,Valencia,Spain,39.4949,-0.3643,,2020-05-31,,
levante,Ciutat de València,Valencia,Spain,39.4949,-0.3643,2020-08-01,,,
levante,Estadi Olímpic Camilo Cano,La Nucía,Spain,38.6170,-0.1240,2020-06-01,2020-07-31,,2019/20 restart home games (moderate confidence)
malaga,La Rosaleda,Málaga,Spain,36.7340,-4.4268,,,,
mallorca,Son Moix,Palma,Spain,39.5900,2.6300,,,,
osasuna,El Sadar,Pamplona,Spain,42.7966,-1.6370,,,,
real-oviedo,Carlos Tartiere,Oviedo,Spain,43.3608,-5.8702,,,,
real-madrid,Santiago Bernabéu,Madrid,Spain,40.4531,-3.6883,,2020-05-31,,
real-madrid,Alfredo Di Stéfano,Madrid,Spain,40.4787,-3.6146,2020-06-01,2021-08-31,,while the Bernabéu was rebuilt
real-madrid,Santiago Bernabéu,Madrid,Spain,40.4531,-3.6883,2021-09-01,,,
sevilla,Ramón Sánchez-Pizjuán,Seville,Spain,37.3840,-5.9705,,,,
real-sociedad,Anoeta,San Sebastián,Spain,43.3014,-1.9736,,,,
sporting-gijon,El Molinón,Gijón,Spain,43.5361,-5.6372,,,,
valencia,Mestalla,Valencia,Spain,39.4746,-0.3583,,,,
real-valladolid,José Zorrilla,Valladolid,Spain,41.6445,-4.7612,,,,
rayo-vallecano,Estadio de Vallecas,Madrid,Spain,40.3919,-3.6589,,,,
villarreal,Estadio de la Cerámica,Villarreal,Spain,39.9441,-0.1035,,,,
ac-milan,San Siro,Milan,Italy,45.4781,9.1240,,,,
inter-milan,San Siro,Milan,Italy,45.4781,9.1240,,,,
aek-athens,Olympic Stadium (OAKA),Athens,Greece,38.0362,23.7877,,,,
ajax,Johan Cruyff Arena,Amsterdam,Netherlands,52.3144,4.9419,,,,
anderlecht,Lotto Park,Brussels,Belgium,50.8343,4.2983,,,,
antwerp,Bosuil,Antwerp,Belgium,51.2324,4.4720,,,,
apoel,GSP Stadium,Nicosia,Cyprus,35.1356,33.3226,,,,
astana,Astana Arena,Astana,Kazakhstan,51.1083,71.4025,,,,
atalanta,Gewiss Stadium,Bergamo,Italy,45.7088,9.6808,,,,
atalanta,San Siro,Milan,Italy,45.4781,9.1240,2019-07-01,2020-06-30,UCL,2019/20 Champions League home games at San Siro
basel,St. Jakob-Park,Basel,Switzerland,47.5416,7.6203,,,,
bate-borisov,Borisov Arena,Barysaw,Belarus,54.2186,28.5133,,,,
bayer-leverkusen,BayArena,Leverkusen,Germany,51.0383,7.0022,,,,
bayern-munich,Allianz Arena,Munich,Germany,48.2188,11.6247,,,,
benfica,Estádio da Luz,Lisbon,Portugal,38.7527,-9.1847,,,,
besiktas,Vodafone Park,Istanbul,Turkey,41.0394,28.9947,,,,
bod-glimt,Aspmyra Stadion,Bodø,Norway,67.2764,14.3807,,,,
bologna,Stadio Renato Dall'Ara,Bologna,Italy,44.4925,11.3097,,,,
borussia-dortmund,Signal Iduna Park,Dortmund,Germany,51.4926,7.4519,,,,
borussia-monchengladbach,Borussia-Park,Mönchengladbach,Germany,51.1746,6.3855,,,,
braga,Estádio Municipal de Braga,Braga,Portugal,41.5626,-8.4297,,,,
brest,Stade Francis-Le Blé,Brest,France,48.4029,-4.4617,,,,
brest,Stade du Roudourou,Guingamp,France,48.5662,-3.1641,2024-07-01,2025-06-30,UCL,2024/25 Champions League home games in Guingamp
celtic,Celtic Park,Glasgow,Scotland,55.8497,-4.2055,,,,
club-brugge,Jan Breydel Stadium,Bruges,Belgium,51.1933,3.1806,,,,
copenhagen,Parken,Copenhagen,Denmark,55.7025,12.5722,,,,
cska-moscow,Arena Khimki,Khimki,Russia,55.8853,37.4434,,2016-08-31,,
cska-moscow,VEB Arena,Moscow,Russia,55.7911,37.5600,2016-09-01,,,
dinamo-zagreb,Maksimir,Zagreb,Croatia,45.8189,16.0183,,,,
dynamo-kyiv,NSC Olimpiyskiy,Kyiv,Ukraine,50.4334,30.5216,,,,
eintracht-frankfurt,Deutsche Bank Park,Frankfurt,Germany,50.0686,8.6455,,,,
ferencvaros,Groupama Aréna,Budapest,Hungary,47.4817,19.0985,,,,
feyenoord,De Kuip,Rotterdam,Netherlands,51.8939,4.5231,,,,
galatasaray,Rams Park,Istanbul,Turkey,41.1033,28.9908,,,,
genk,Cegeka Arena,Genk,Belgium,50.9911,5.5372,,,,
gent,Ghelamco Arena,Ghent,Belgium,51.0161,3.7337,,,,
hoffenheim,PreZero Arena,Sinsheim,Germany,49.2381,8.8876,,,,
istanbul-basaksehir,Başakşehir Fatih Terim Stadium,Istanbul,Turkey,41.1126,28.8091,,,,
juventus,Allianz Stadium,Turin,Italy,45.1096,7.6413,,,,
kairat-almaty,Central Stadium,Almaty,Kazakhstan,43.2370,76.9210,,,,
krasnodar,Krasnodar Stadium,Krasnodar,Russia,45.0446,39.0293,,,,
lazio,Stadio Olimpico,Rome,Italy,41.9341,12.4547,,,,
legia-warsaw,Polish Army Stadium,Warsaw,Poland,52.2205,21.0405,,,,
lens,Stade Bollaert-Delelis,Lens,France,50.4329,2.8150,,,,
lille,Stade Pierre-Mauroy,Villeneuve-d'Ascq,France,50.6119,3.1305,,,,
lokomotiv-moscow,RZD Arena,Moscow,Russia,55.8033,37.7413,,,,
ludogorets-razgrad,Huvepharma Arena,Razgrad,Bulgaria,43.5296,26.5257,,,,
ludogorets-razgrad,Vasil Levski National Stadium,Sofia,Bulgaria,42.6879,23.3354,2014-07-01,2017-06-30,UCL,Champions League home games in Sofia (moderate confidence)
lyon,Stade de Gerland,Lyon,France,45.7238,4.8322,,2016-01-08,,
lyon,Groupama Stadium,Décines-Charpieu,France,45.7653,4.9822,2016-01-09,,,
maccabi-haifa,Sammy Ofer Stadium,Haifa,Israel,32.7835,34.9653,,,,
maccabi-tel-aviv,Bloomfield Stadium,Tel Aviv,Israel,32.0525,34.7614,,,,
malmo-ff,Eleda Stadion,Malmö,Sweden,55.5853,12.9878,,,,
maribor,Ljudski vrt,Maribor,Slovenia,46.5622,15.6403,,,,
marseille,Stade Vélodrome,Marseille,France,43.2698,5.3959,,,,
midtjylland,MCH Arena,Herning,Denmark,56.1157,8.9478,,,,
monaco,Stade Louis II,Monaco,Monaco,43.7275,7.4155,,,,
napoli,Stadio Diego Armando Maradona,Naples,Italy,40.8280,14.1931,,,,
olympiacos,Karaiskakis Stadium,Piraeus,Greece,37.9461,23.6644,,,,
pafos,Stelios Kyriakides Stadium,Paphos,Cyprus,34.7738,32.4240,,,,venue of 2025/26 UCL home games not verified (possibly Limassol)
paris-saint-germain,Parc des Princes,Paris,France,48.8414,2.2530,,,,
porto,Estádio do Dragão,Porto,Portugal,41.1618,-8.5839,,,,
psv-eindhoven,Philips Stadion,Eindhoven,Netherlands,51.4417,5.4675,,,,
qarabag,Tofiq Bahramov Stadium,Baku,Azerbaijan,40.3863,49.8645,,,,club displaced from Aghdam; plays in Baku
rangers,Ibrox,Glasgow,Scotland,55.8530,-4.3092,,,,
rb-leipzig,Red Bull Arena,Leipzig,Germany,51.3458,12.3483,,,,
red-bull-salzburg,Red Bull Arena,Wals-Siezenheim,Austria,47.8164,12.9984,,,,
red-star-belgrade,Rajko Mitić Stadium,Belgrade,Serbia,44.7832,20.4650,,,,
rennes,Roazhon Park,Rennes,France,48.1075,-1.7128,,,,
roma,Stadio Olimpico,Rome,Italy,41.9341,12.4547,,,,
rostov,Olimp-2,Rostov-on-Don,Russia,47.2306,39.7277,,,,
schalke-04,Veltins-Arena,Gelsenkirchen,Germany,51.5546,7.0679,,,,
shakhtar-donetsk,NSC Olimpiyskiy,Kyiv,Ukraine,50.4334,30.5216,,,,"travel origin only: displaced since 2014, home matches come from venue_exceptions.csv"
sheriff-tiraspol,Sheriff Stadium,Tiraspol,Moldova,46.8411,29.6120,,,,
slavia-prague,Fortuna Arena,Prague,Czechia,50.0675,14.4714,,,,
slovan-bratislava,Tehelné pole,Bratislava,Slovakia,48.1640,17.1371,,,,
sparta-prague,Letná Stadium,Prague,Czechia,50.0999,14.4161,,,,
spartak-moscow,Otkritie Arena,Moscow,Russia,55.8181,37.4400,,,,
sporting-cp,Estádio José Alvalade,Lisbon,Portugal,38.7612,-9.1609,,,,
sturm-graz,Merkur Arena,Graz,Austria,47.0464,15.4544,,,,
sturm-graz,Wörthersee Stadion,Klagenfurt,Austria,46.6083,14.2775,2024-07-01,2025-06-30,UCL,2024/25 Champions League home games in Klagenfurt (moderate confidence)
union-berlin,Stadion An der Alten Försterei,Berlin,Germany,52.4573,13.5681,,,,
union-berlin,Olympiastadion,Berlin,Germany,52.5147,13.2395,2023-07-01,2024-06-30,UCL,2023/24 Champions League home games at the Olympiastadion
union-saint-gilloise,Stade Joseph Marien,Brussels,Belgium,50.8178,4.3283,,,,"2025/26 UCL home venue not verified (possibly Lotto Park, <5 km away)"
vfb-stuttgart,MHPArena,Stuttgart,Germany,48.7922,9.2320,,,,
vfl-wolfsburg,Volkswagen Arena,Wolfsburg,Germany,52.4327,10.8039,,,,
viktoria-plzen,Doosan Arena,Plzeň,Czechia,49.7497,13.3823,,,,
young-boys,Wankdorf Stadium,Bern,Switzerland,46.9631,7.4646,,,,
zenit-saint-petersburg,Petrovsky Stadium,Saint Petersburg,Russia,59.9517,30.2867,,2017-06-30,,
zenit-saint-petersburg,Gazprom Arena,Saint Petersburg,Russia,59.9727,30.2203,2017-07-01,,,
