season,winner,source
2014/15,Barcelona,https://en.wikipedia.org/wiki/2015_UEFA_Champions_League_final
2015/16,Real Madrid,https://en.wikipedia.org/wiki/2016_UEFA_Champions_League_final
2016/17,Real Madrid,https://en.wikipedia.org/wiki/2017_UEFA_Champions_League_final
2017/18,Real Madrid,https://en.wikipedia.org/wiki/2018_UEFA_Champions_League_final
2018/19,Liverpool,https://en.wikipedia.org/wiki/2019_UEFA_Champions_League_final
2019/20,Bayern Munich,https://en.wikipedia.org/wiki/2020_UEFA_Champions_League_final
2020/21,Chelsea,https://en.wikipedia.org/wiki/2021_UEFA_Champions_League_final
2021/22,Real Madrid,https://en.wikipedia.org/wiki/2022_UEFA_Champions_League_final
2022/23,Manchester City,https://en.wikipedia.org/wiki/2023_UEFA_Champions_League_final
2023/24,Real Madrid,https://en.wikipedia.org/wiki/2024_UEFA_Champions_League_final
2024/25,Paris Saint-Germain,https://en.wikipedia.org/wiki/2025_UEFA_Champions_League_final
2025/26,Paris Saint-Germain,https://en.wikipedia.org/wiki/2026_UEFA_Champions_League_final
